[{"city": "Newcastle upon Tyne", "name": "Newcastle United", "wyId": 1613, "officialName": "Newcastle United FC", "area": {"name": "England", "id": "0", "alpha3code": "XEN", "alpha2code": ""}, "type": "club"}, {"city": "Vigo", "name": "Celta de Vigo", "wyId": 692, "officialName": "Real Club Celta de Vigo", "area": {"name": "Spain", "id": "724", "alpha3code": "ESP", "alpha2code": "ES"}, "type": "club"}, {"city": "Barcelona", "name": "Espanyol", "wyId": 691, "officialName": "Reial Club Deportiu Espanyol", "area": {"name": "Spain", "id": "724", "alpha3code": "ESP", "alpha2code": "ES"}, "type": "club"}, {"city": "Vitoria-Gasteiz", "name": "Deportivo Alav\u00e9s", "wyId": 696, "officialName": "Deportivo Alav\u00e9s", "area": {"name": "Spain", "id": "724", "alpha3code": "ESP", "alpha2code": "ES"}, "type": "club"}, {"city": "Valencia", "name": "Levante", "wyId": 695, "officialName": "Levante UD", "area": {"name": "Spain", "id": "724", "alpha3code": "ESP", "alpha2code": "ES"}, "type": "club"}, {"city": "Troyes", "name": "Troyes", "wyId": 3795, "officialName": "Esp\u00e9rance Sportive Troyes Aube Champagne", "area": {"name": "France", "id": "250", "alpha3code": "FRA", "alpha2code": "FR"}, "type": "club"}, {"city": "Getafe (Madrid)", "name": "Getafe", "wyId": 698, "officialName": "Getafe Club de F\u00fatbol", "area": {"name": "Spain", "id": "724", "alpha3code": "ESP", "alpha2code": "ES"}, "type": "club"}, {"city": "M\u00f6nchengladbach", "name": "Borussia M'gladbach", "wyId": 2454, "officialName": "Borussia VfL M\u00f6nchengladbach", "area": {"name": "Germany", "id": "276", "alpha3code": "DEU", "alpha2code": "DE"}, "type": "club"}, {"city": "Huddersfield, West Yorkshire", "name": "Huddersfield Town", "wyId": 1673, "officialName": "Huddersfield Town FC", "area": {"name": "England", "id": "0", "alpha3code": "XEN", "alpha2code": ""}, "type": "club"}, {"city": "Bilbao", "name": "Athletic Club", "wyId": 678, "officialName": "Athletic Club Bilbao", "area": {"name": "Spain", "id": "724", "alpha3code": "ESP", "alpha2code": "ES"}, "type": "club"}, {"city": "Madrid", "name": "Atl\u00e9tico Madrid", "wyId": 679, "officialName": "Club Atl\u00e9tico de Madrid", "area": {"name": "Spain", "id": "724", "alpha3code": "ESP", "alpha2code": "ES"}, "type": "club"}, {"city": "Lyon", "name": "Olympique Lyonnais", "wyId": 3766, "officialName": "Olympique Lyonnais", "area": {"name": "France", "id": "250", "alpha3code": "FRA", "alpha2code": "FR"}, "type": "club"}, {"city": "Paris", "name": "PSG", "wyId": 3767, "officialName": "Paris Saint-Germain FC", "area": {"name": "France", "id": "250", "alpha3code": "FRA", "alpha2code": "FR"}, "type": "club"}, {"city": "Valencia", "name": "Valencia", "wyId": 674, "officialName": "Valencia Club de F\u00fatbol", "area": {"name": "Spain", "id": "724", "alpha3code": "ESP", "alpha2code": "ES"}, "type": "club"}, {"city": "Madrid", "name": "Real Madrid", "wyId": 675, "officialName": "Real Madrid Club de F\u00fatbol", "area": {"name": "Spain", "id": "724", "alpha3code": "ESP", "alpha2code": "ES"}, "type": "club"}, {"city": "Barcelona", "name": "Barcelona", "wyId": 676, "officialName": "FC Barcelona", "area": {"name": "Spain", "id": "724", "alpha3code": "ESP", "alpha2code": "ES"}, "type": "club"}, {"city": "Las Palmas de Gran Canaria", "name": "Las Palmas", "wyId": 714, "officialName": "UD Las Palmas", "area": {"name": "Spain", "id": "724", "alpha3code": "ESP", "alpha2code": "ES"}, "type": "club"}, {"city": "Legan\u00e9s", "name": "Legan\u00e9s", "wyId": 712, "officialName": "CD Legan\u00e9s", "area": {"name": "Spain", "id": "724", "alpha3code": "ESP", "alpha2code": "ES"}, "type": "club"}, {"city": "Ferrara", "name": "SPAL", "wyId": 3204, "officialName": "Societ\u00e0 Polisportiva Ars et Labor 2013", "area": {"name": "Italy", "id": "380", "alpha3code": "ITA", "alpha2code": "IT"}, "type": "club"}, {"city": "Swansea", "name": "Swansea City", "wyId": 10531, "officialName": "Swansea City AFC", "area": {"name": "Wales", "id": "0", "alpha3code": "XWA", "alpha2code": ""}, "type": "club"}, {"city": "Marseille", "name": "Olympique Marseille", "wyId": 3771, "officialName": "Olympique de Marseille", "area": {"name": "France", "id": "250", "alpha3code": "FRA", "alpha2code": "FR"}, "type": "club"}, {"city": "La Chapelle-sur-Erdre", "name": "Nantes", "wyId": 3770, "officialName": "FC Nantes", "area": {"name": "France", "id": "250", "alpha3code": "FRA", "alpha2code": "FR"}, "type": "club"}, {"city": "Nice", "name": "Nice", "wyId": 3775, "officialName": "O.G.C. Nice C\u00f4te d'Azur", "area": {"name": "France", "id": "250", "alpha3code": "FRA", "alpha2code": "FR"}, "type": "club"}, {"city": "Rennes", "name": "Rennes", "wyId": 3774, "officialName": "Stade Rennais FC", "area": {"name": "France", "id": "250", "alpha3code": "FRA", "alpha2code": "FR"}, "type": "club"}, {"city": "Strasbourg", "name": "Strasbourg", "wyId": 3779, "officialName": "RC Strasbourg Alsace", "area": {"name": "France", "id": "250", "alpha3code": "FRA", "alpha2code": "FR"}, "type": "club"}, {"city": "Eibar", "name": "Eibar", "wyId": 701, "officialName": "SD Eibar", "area": {"name": "Spain", "id": "724", "alpha3code": "ESP", "alpha2code": "ES"}, "type": "club"}, {"city": "Bournemouth, Dorset", "name": "AFC Bournemouth", "wyId": 1659, "officialName": "AFC Bournemouth", "area": {"name": "England", "id": "0", "alpha3code": "XEN", "alpha2code": ""}, "type": "club"}, {"city": "Brighton, East Sussex", "name": "Brighton & Hove Albion", "wyId": 1651, "officialName": "Brighton & Hove Albion FC", "area": {"name": "England", "id": "0", "alpha3code": "XEN", "alpha2code": ""}, "type": "club"}, {"city": "Bremen", "name": "Werder Bremen", "wyId": 2443, "officialName": "SV Werder Bremen", "area": {"name": "Germany", "id": "276", "alpha3code": "DEU", "alpha2code": "DE"}, "type": "club"}, {"city": "Leverkusen", "name": "Bayer Leverkusen", "wyId": 2446, "officialName": "TSV Bayer 04 Leverkusen", "area": {"name": "Germany", "id": "276", "alpha3code": "DEU", "alpha2code": "DE"}, "type": "club"}, {"city": "Dortmund", "name": "Borussia Dortmund", "wyId": 2447, "officialName": "BV Borussia 09 Dortmund", "area": {"name": "Germany", "id": "276", "alpha3code": "DEU", "alpha2code": "DE"}, "type": "club"}, {"city": "M\u00fcnchen", "name": "Bayern M\u00fcnchen", "wyId": 2444, "officialName": "FC Bayern M\u00fcnchen", "area": {"name": "Germany", "id": "276", "alpha3code": "DEU", "alpha2code": "DE"}, "type": "club"}, {"city": "Stuttgart", "name": "Stuttgart", "wyId": 2445, "officialName": "VfB Stuttgart 1893", "area": {"name": "Germany", "id": "276", "alpha3code": "DEU", "alpha2code": "DE"}, "type": "club"}, {"city": "Gelsenkirchen", "name": "Schalke 04", "wyId": 2449, "officialName": "FC Schalke 04", "area": {"name": "Germany", "id": "276", "alpha3code": "DEU", "alpha2code": "DE"}, "type": "club"}, {"city": "Milano", "name": "Milan", "wyId": 3157, "officialName": "AC Milan", "area": {"name": "Italy", "id": "380", "alpha3code": "ITA", "alpha2code": "IT"}, "type": "club"}, {"city": "Angers", "name": "Angers", "wyId": 3799, "officialName": "Angers SCO", "area": {"name": "France", "id": "250", "alpha3code": "FRA", "alpha2code": "FR"}, "type": "club"}, {"city": "Torino", "name": "Juventus", "wyId": 3159, "officialName": "Juventus FC", "area": {"name": "Italy", "id": "380", "alpha3code": "ITA", "alpha2code": "IT"}, "type": "club"}, {"city": "Roma", "name": "Roma", "wyId": 3158, "officialName": "AS Roma", "area": {"name": "Italy", "id": "380", "alpha3code": "ITA", "alpha2code": "IT"}, "type": "club"}, {"city": "Sassuolo", "name": "Sassuolo", "wyId": 3315, "officialName": "US Sassuolo Calcio", "area": {"name": "Italy", "id": "380", "alpha3code": "ITA", "alpha2code": "IT"}, "type": "club"}, {"city": "Burnley, Lancashire", "name": "Burnley", "wyId": 1646, "officialName": "Burnley FC", "area": {"name": "England", "id": "0", "alpha3code": "XEN", "alpha2code": ""}, "type": "club"}, {"city": "Le Haillan", "name": "Bordeaux", "wyId": 3772, "officialName": "FC Girondins de Bordeaux", "area": {"name": "France", "id": "250", "alpha3code": "FRA", "alpha2code": "FR"}, "type": "club"}, {"city": "Hannover", "name": "Hannover 96", "wyId": 2455, "officialName": "Hannover 96", "area": {"name": "Germany", "id": "276", "alpha3code": "DEU", "alpha2code": "DE"}, "type": "club"}, {"city": "Dijon", "name": "Dijon", "wyId": 3804, "officialName": "Dijon FCO", "area": {"name": "France", "id": "250", "alpha3code": "FRA", "alpha2code": "FR"}, "type": "club"}, {"city": "Berlin", "name": "Hertha BSC", "wyId": 2457, "officialName": "Hertha BSC", "area": {"name": "Germany", "id": "276", "alpha3code": "DEU", "alpha2code": "DE"}, "type": "club"}, {"city": "Wolfsburg", "name": "Wolfsburg", "wyId": 2451, "officialName": "VfL Wolfsburg", "area": {"name": "Germany", "id": "276", "alpha3code": "DEU", "alpha2code": "DE"}, "type": "club"}, {"city": "Hamburg", "name": "Hamburger SV", "wyId": 2450, "officialName": "Hamburger SV", "area": {"name": "Germany", "id": "276", "alpha3code": "DEU", "alpha2code": "DE"}, "type": "club"}, {"city": "Freiburg im Breisgau", "name": "Freiburg", "wyId": 2453, "officialName": "SC Freiburg", "area": {"name": "Germany", "id": "276", "alpha3code": "DEU", "alpha2code": "DE"}, "type": "club"}, {"city": "Bologna", "name": "Bologna", "wyId": 3166, "officialName": "Bologna FC 1909", "area": {"name": "Italy", "id": "380", "alpha3code": "ITA", "alpha2code": "IT"}, "type": "club"}, {"city": "Metz", "name": "Metz", "wyId": 3777, "officialName": "FC Metz", "area": {"name": "France", "id": "250", "alpha3code": "FRA", "alpha2code": "FR"}, "type": "club"}, {"city": "Genova", "name": "Sampdoria", "wyId": 3164, "officialName": "UC Sampdoria", "area": {"name": "Italy", "id": "380", "alpha3code": "ITA", "alpha2code": "IT"}, "type": "club"}, {"city": "Verona", "name": "Chievo", "wyId": 3165, "officialName": "AC Chievo Verona", "area": {"name": "Italy", "id": "380", "alpha3code": "ITA", "alpha2code": "IT"}, "type": "club"}, {"city": "Formello", "name": "Lazio", "wyId": 3162, "officialName": "SS Lazio", "area": {"name": "Italy", "id": "380", "alpha3code": "ITA", "alpha2code": "IT"}, "type": "club"}, {"city": "Udine", "name": "Udinese", "wyId": 3163, "officialName": "Udinese Calcio", "area": {"name": "Italy", "id": "380", "alpha3code": "ITA", "alpha2code": "IT"}, "type": "club"}, {"city": "Milano", "name": "Internazionale", "wyId": 3161, "officialName": "FC Internazionale Milano", "area": {"name": "Italy", "id": "380", "alpha3code": "ITA", "alpha2code": "IT"}, "type": "club"}, {"city": "Leicester", "name": "Leicester City", "wyId": 1631, "officialName": "Leicester City FC", "area": {"name": "England", "id": "0", "alpha3code": "XEN", "alpha2code": ""}, "type": "club"}, {"city": "London", "name": "West Ham United", "wyId": 1633, "officialName": "West Ham United FC", "area": {"name": "England", "id": "0", "alpha3code": "XEN", "alpha2code": ""}, "type": "club"}, {"city": "Stoke-on-Trent", "name": "Stoke City", "wyId": 1639, "officialName": "Stoke City FC", "area": {"name": "England", "id": "0", "alpha3code": "XEN", "alpha2code": ""}, "type": "club"}, {"city": "Benevento", "name": "Benevento", "wyId": 3219, "officialName": "Benevento Calcio", "area": {"name": "Italy", "id": "380", "alpha3code": "ITA", "alpha2code": "IT"}, "type": "club"}, {"city": "Saint-\u00c9tienne", "name": "Saint-\u00c9tienne", "wyId": 3782, "officialName": "AS Saint-\u00c9tienne", "area": {"name": "France", "id": "250", "alpha3code": "FRA", "alpha2code": "FR"}, "type": "club"}, {"city": "Girona", "name": "Girona", "wyId": 756, "officialName": "Girona FC", "area": {"name": "Spain", "id": "724", "alpha3code": "ESP", "alpha2code": "ES"}, "type": "club"}, {"city": "Watford", "name": "Watford", "wyId": 1644, "officialName": "Watford FC", "area": {"name": "England", "id": "0", "alpha3code": "XEN", "alpha2code": ""}, "type": "club"}, {"city": "Sinsheim", "name": "Hoffenheim", "wyId": 2482, "officialName": "TSG 1899 Hoffenheim", "area": {"name": "Germany", "id": "276", "alpha3code": "DEU", "alpha2code": "DE"}, "type": "club"}, {"city": "Cagliari", "name": "Cagliari", "wyId": 3173, "officialName": "Cagliari Calcio", "area": {"name": "Italy", "id": "380", "alpha3code": "ITA", "alpha2code": "IT"}, "type": "club"}, {"city": "Ciserano", "name": "Atalanta", "wyId": 3172, "officialName": "Atalanta Bergamasca Calcio", "area": {"name": "Italy", "id": "380", "alpha3code": "ITA", "alpha2code": "IT"}, "type": "club"}, {"city": "Firenze", "name": "Fiorentina", "wyId": 3176, "officialName": "ACF Fiorentina", "area": {"name": "Italy", "id": "380", "alpha3code": "ITA", "alpha2code": "IT"}, "type": "club"}, {"city": "Liverpool", "name": "Everton", "wyId": 1623, "officialName": "Everton FC", "area": {"name": "England", "id": "0", "alpha3code": "XEN", "alpha2code": ""}, "type": "club"}, {"city": "West Bromwich", "name": "West Bromwich Albion", "wyId": 1627, "officialName": "West Bromwich Albion FC", "area": {"name": "England", "id": "0", "alpha3code": "XEN", "alpha2code": ""}, "type": "club"}, {"city": "Manchester", "name": "Manchester City", "wyId": 1625, "officialName": "Manchester City FC", "area": {"name": "England", "id": "0", "alpha3code": "XEN", "alpha2code": ""}, "type": "club"}, {"city": "London", "name": "Tottenham Hotspur", "wyId": 1624, "officialName": "Tottenham Hotspur FC", "area": {"name": "England", "id": "0", "alpha3code": "XEN", "alpha2code": ""}, "type": "club"}, {"city": "Augsburg", "name": "Augsburg", "wyId": 2481, "officialName": "FC Augsburg", "area": {"name": "Germany", "id": "276", "alpha3code": "DEU", "alpha2code": "DE"}, "type": "club"}, {"city": "London", "name": "Crystal Palace", "wyId": 1628, "officialName": "Crystal Palace FC", "area": {"name": "England", "id": "0", "alpha3code": "XEN", "alpha2code": ""}, "type": "club"}, {"city": "Monaco", "name": "Monaco", "wyId": 19830, "officialName": "AS Monaco FC", "area": {"name": "Monaco", "id": "492", "alpha3code": "MCO", "alpha2code": "MC"}, "type": "club"}, {"city": "Mainz", "name": "Mainz 05", "wyId": 2460, "officialName": "1. FSV Mainz 05", "area": {"name": "Germany", "id": "276", "alpha3code": "DEU", "alpha2code": "DE"}, "type": "club"}, {"city": "Villeneuve-d'Ascq", "name": "Lille", "wyId": 3776, "officialName": "Lille OSC M\u00e9tropole", "area": {"name": "France", "id": "250", "alpha3code": "FRA", "alpha2code": "FR"}, "type": "club"}, {"city": "Frankfurt am Main", "name": "Eintracht Frankfurt", "wyId": 2462, "officialName": "Eintracht Frankfurt", "area": {"name": "Germany", "id": "276", "alpha3code": "DEU", "alpha2code": "DE"}, "type": "club"}, {"city": "Southampton, Hampshire", "name": "Southampton", "wyId": 1619, "officialName": "Southampton FC", "area": {"name": "England", "id": "0", "alpha3code": "XEN", "alpha2code": ""}, "type": "club"}, {"city": "K\u00f6ln", "name": "K\u00f6ln", "wyId": 2463, "officialName": "1. FC K\u00f6ln", "area": {"name": "Germany", "id": "276", "alpha3code": "DEU", "alpha2code": "DE"}, "type": "club"}, {"city": "Liverpool", "name": "Liverpool", "wyId": 1612, "officialName": "Liverpool FC", "area": {"name": "England", "id": "0", "alpha3code": "XEN", "alpha2code": ""}, "type": "club"}, {"city": "London", "name": "Chelsea", "wyId": 1610, "officialName": "Chelsea FC", "area": {"name": "England", "id": "0", "alpha3code": "XEN", "alpha2code": ""}, "type": "club"}, {"city": "Manchester", "name": "Manchester United", "wyId": 1611, "officialName": "Manchester United FC", "area": {"name": "England", "id": "0", "alpha3code": "XEN", "alpha2code": ""}, "type": "club"}, {"city": "Torino", "name": "Torino", "wyId": 3185, "officialName": "Torino FC", "area": {"name": "Italy", "id": "380", "alpha3code": "ITA", "alpha2code": "IT"}, "type": "club"}, {"city": "Castel Volturno", "name": "Napoli", "wyId": 3187, "officialName": "SSC Napoli", "area": {"name": "Italy", "id": "380", "alpha3code": "ITA", "alpha2code": "IT"}, "type": "club"}, {"city": "A Coru\u00f1a", "name": "Deportivo La Coru\u00f1a", "wyId": 677, "officialName": "Real Club Deportivo de La Coru\u00f1a", "area": {"name": "Spain", "id": "724", "alpha3code": "ESP", "alpha2code": "ES"}, "type": "club"}, {"city": "Leipzig", "name": "RB Leipzig", "wyId": 2975, "officialName": "Rasen Ballsport Leipzig", "area": {"name": "Germany", "id": "276", "alpha3code": "DEU", "alpha2code": "DE"}, "type": "club"}, {"city": "London", "name": "Arsenal", "wyId": 1609, "officialName": "Arsenal FC", "area": {"name": "England", "id": "0", "alpha3code": "XEN", "alpha2code": ""}, "type": "club"}, {"city": "Caen", "name": "Caen", "wyId": 3783, "officialName": "Stade Malherbe Caen", "area": {"name": "France", "id": "250", "alpha3code": "FRA", "alpha2code": "FR"}, "type": "club"}, {"city": "Toulouse", "name": "Toulouse", "wyId": 3780, "officialName": "Toulouse FC", "area": {"name": "France", "id": "250", "alpha3code": "FRA", "alpha2code": "FR"}, "type": "club"}, {"city": "Montpellier", "name": "Montpellier", "wyId": 3787, "officialName": "Montpellier HSC", "area": {"name": "France", "id": "250", "alpha3code": "FRA", "alpha2code": "FR"}, "type": "club"}, {"city": "Guingamp", "name": "Guingamp", "wyId": 3785, "officialName": "En Avant Guingamp", "area": {"name": "France", "id": "250", "alpha3code": "FRA", "alpha2code": "FR"}, "type": "club"}, {"city": "Amiens", "name": "Amiens SC", "wyId": 3789, "officialName": "Amiens SC", "area": {"name": "France", "id": "250", "alpha3code": "FRA", "alpha2code": "FR"}, "type": "club"}, {"city": "Crotone", "name": "Crotone", "wyId": 3197, "officialName": "FC Crotone", "area": {"name": "Italy", "id": "380", "alpha3code": "ITA", "alpha2code": "IT"}, "type": "club"}, {"city": "Verona", "name": "Hellas Verona", "wyId": 3194, "officialName": "Hellas Verona FC", "area": {"name": "Italy", "id": "380", "alpha3code": "ITA", "alpha2code": "IT"}, "type": "club"}, {"city": "Genova", "name": "Genoa", "wyId": 3193, "officialName": "Genoa CFC", "area": {"name": "Italy", "id": "380", "alpha3code": "ITA", "alpha2code": "IT"}, "type": "club"}, {"city": "Sevilla", "name": "Real Betis", "wyId": 684, "officialName": "Real Betis Balompi\u00e9", "area": {"name": "Spain", "id": "724", "alpha3code": "ESP", "alpha2code": "ES"}, "type": "club"}, {"city": "Donostia-San Sebasti\u00e1n", "name": "Real Sociedad", "wyId": 687, "officialName": "Real Sociedad de F\u00fatbol", "area": {"name": "Spain", "id": "724", "alpha3code": "ESP", "alpha2code": "ES"}, "type": "club"}, {"city": "Sevilla", "name": "Sevilla", "wyId": 680, "officialName": "Sevilla FC", "area": {"name": "Spain", "id": "724", "alpha3code": "ESP", "alpha2code": "ES"}, "type": "club"}, {"city": "Malaga", "name": "M\u00e1laga", "wyId": 683, "officialName": "M\u00e1laga Club de F\u00fatbol", "area": {"name": "Spain", "id": "724", "alpha3code": "ESP", "alpha2code": "ES"}, "type": "club"}, {"city": "Villarreal", "name": "Villarreal", "wyId": 682, "officialName": "Villarreal Club de F\u00fatbol", "area": {"name": "Spain", "id": "724", "alpha3code": "ESP", "alpha2code": "ES"}, "type": "club"}, {"city": "Seoul", "name": "Korea Republic", "wyId": 14855, "officialName": "Korea Republic", "area": {"name": "Korea Republic", "id": 410, "alpha3code": "KOR", "alpha2code": "KR"}, "type": "national"}, {"city": "Budapest", "name": "Hungary", "wyId": 10451, "officialName": "Hungary", "area": {"name": "Hungary", "id": 348, "alpha3code": "HUN", "alpha2code": "HU"}, "type": "national"}, {"city": "Istanbul", "name": "Turkey", "wyId": 4687, "officialName": "Turkey", "area": {"name": "Turkey", "id": 792, "alpha3code": "TUR", "alpha2code": "TR"}, "type": "national"}, {"city": "Moskva", "name": "Russia", "wyId": 14358, "officialName": "Russia", "area": {"name": "Russia", "id": 643, "alpha3code": "RUS", "alpha2code": "RU"}, "type": "national"}, {"city": "Solna", "name": "Sweden", "wyId": 7047, "officialName": "Sweden", "area": {"name": "Sweden", "id": 752, "alpha3code": "SWE", "alpha2code": "SE"}, "type": "national"}, {"city": "El Menzah", "name": "Tunisia", "wyId": 16276, "officialName": "Tunisia", "area": {"name": "Tunisia", "id": 788, "alpha3code": "TUN", "alpha2code": "TN"}, "type": "national"}, {"city": "Rio de Janeiro, Rio de Janeiro", "name": "Brazil", "wyId": 6380, "officialName": "Brazil", "area": {"name": "Brazil", "id": 76, "alpha3code": "BRA", "alpha2code": "BR"}, "type": "national"}, {"city": "Frankfurt am Main", "name": "Germany", "wyId": 3148, "officialName": "Germany", "area": {"name": "Germany", "id": 276, "alpha3code": "DEU", "alpha2code": "DE"}, "type": "national"}, {"city": "Tiran\u00eb (Tirana)", "name": "Albania", "wyId": 8731, "officialName": "Albania", "area": {"name": "Albania", "id": 8, "alpha3code": "ALB", "alpha2code": "AL"}, "type": "national"}, {"city": "Bucure\u015fti", "name": "Romania", "wyId": 11944, "officialName": "Romania", "area": {"name": "Romania", "id": 642, "alpha3code": "ROU", "alpha2code": "RO"}, "type": "national"}, {"city": "Kyiv (Kiev)", "name": "Ukraine", "wyId": 14622, "officialName": "Ukraine", "area": {"name": "Ukraine", "id": 804, "alpha3code": "UKR", "alpha2code": "UA"}, "type": "national"}, {"city": "Rabat", "name": "Morocco", "wyId": 16216, "officialName": "Morocco", "area": {"name": "Morocco", "id": 504, "alpha3code": "MAR", "alpha2code": "MA"}, "type": "national"}, {"city": "Bratislava", "name": "Slovakia", "wyId": 14496, "officialName": "Slovakia", "area": {"name": "Slovakia", "id": 703, "alpha3code": "SVK", "alpha2code": "SK"}, "type": "national"}, {"city": "Bogot\u00e1 D.C.", "name": "Colombia", "wyId": 12430, "officialName": "Colombia", "area": {"name": "Colombia", "id": 170, "alpha3code": "COL", "alpha2code": "CO"}, "type": "national"}, {"city": "Ciudad de Panam\u00e1", "name": "Panama", "wyId": 17929, "officialName": "Panama", "area": {"name": "Panama", "id": 591, "alpha3code": "PAN", "alpha2code": "PA"}, "type": "national"}, {"city": "Sydney", "name": "Australia", "wyId": 8493, "officialName": "Australia", "area": {"name": "Australia", "id": 36, "alpha3code": "AUS", "alpha2code": "AU"}, "type": "national"}, {"city": "Buenos Aires, Ciudad de Buenos Aires", "name": "Argentina", "wyId": 12274, "officialName": "Argentina", "area": {"name": "Argentina", "id": 32, "alpha3code": "ARG", "alpha2code": "AR"}, "type": "national"}, {"city": "Belfast", "name": "Northern Ireland", "wyId": 10962, "officialName": "Northern Ireland", "area": {"name": "Northern Ireland", "id": 0, "alpha3code": "XNI", "alpha2code": ""}, "type": "national"}, {"city": "Lisboa", "name": "Portugal", "wyId": 9905, "officialName": "Portugal", "area": {"name": "Portugal", "id": 620, "alpha3code": "PRT", "alpha2code": "PT"}, "type": "national"}, {"city": "Bruxelles (Brussel)", "name": "Belgium", "wyId": 5629, "officialName": "Belgium", "area": {"name": "Belgium", "id": 56, "alpha3code": "BEL", "alpha2code": "BE"}, "type": "national"}, {"city": "Br\u00f8ndby", "name": "Denmark", "wyId": 7712, "officialName": "Denmark", "area": {"name": "Denmark", "id": 208, "alpha3code": "DNK", "alpha2code": "DK"}, "type": "national"}, {"city": "Montevideo", "name": "Uruguay", "wyId": 15670, "officialName": "Uruguay", "area": {"name": "Uruguay", "id": 858, "alpha3code": "URY", "alpha2code": "UY"}, "type": "national"}, {"city": "Cardiff", "name": "Wales", "wyId": 10682, "officialName": "Wales", "area": {"name": "Wales", "id": 0, "alpha3code": "XWA", "alpha2code": ""}, "type": "national"}, {"city": "San Jos\u00e9", "name": "Costa Rica", "wyId": 16871, "officialName": "Costa Rica", "area": {"name": "Costa Rica", "id": 188, "alpha3code": "CRI", "alpha2code": "CR"}, "type": "national"}, {"city": "London", "name": "England", "wyId": 2413, "officialName": "England", "area": {"name": "England", "id": 0, "alpha3code": "XEN", "alpha2code": ""}, "type": "national"}, {"city": "Cairo", "name": "Egypt", "wyId": 16129, "officialName": "Egypt", "area": {"name": "Egypt", "id": 818, "alpha3code": "EGY", "alpha2code": "EG"}, "type": "national"}, {"city": "T\u014dky\u014d (Tokyo)", "name": "Japan", "wyId": 12913, "officialName": "Japan", "area": {"name": "Japan", "id": 392, "alpha3code": "JPN", "alpha2code": "JP"}, "type": "national"}, {"city": "Tehr\u0101n (Teheran)", "name": "Iran", "wyId": 10840, "officialName": "Iran", "area": {"name": "Iran", "id": 364, "alpha3code": "IRN", "alpha2code": "IR"}, "type": "national"}, {"city": "Wien", "name": "Austria", "wyId": 9109, "officialName": "Austria", "area": {"name": "Austria", "id": 40, "alpha3code": "AUT", "alpha2code": "AT"}, "type": "national"}, {"city": "Reykjav\u00edk", "name": "Iceland", "wyId": 7839, "officialName": "Iceland", "area": {"name": "Iceland", "id": 352, "alpha3code": "ISL", "alpha2code": "IS"}, "type": "national"}, {"city": "Zagreb", "name": "Croatia", "wyId": 9598, "officialName": "Croatia", "area": {"name": "Croatia", "id": 191, "alpha3code": "HRV", "alpha2code": "HR"}, "type": "national"}, {"city": "Coyoac\u00e1n, Ciudad de M\u00e9xico (D.F.)", "name": "Mexico", "wyId": 15473, "officialName": "Mexico", "area": {"name": "Mexico", "id": 484, "alpha3code": "MEX", "alpha2code": "MX"}, "type": "national"}, {"city": "Dublin", "name": "Republic of Ireland", "wyId": 8274, "officialName": "Republic of Ireland", "area": {"name": "Ireland Republic", "id": 372, "alpha3code": "IRL", "alpha2code": "IE"}, "type": "national"}, {"city": "Praha", "name": "Czech Republic", "wyId": 11555, "officialName": "Czech Republic", "area": {"name": "Czech Republic", "id": 203, "alpha3code": "CZE", "alpha2code": "CZ"}, "type": "national"}, {"city": "Dakar", "name": "Senegal", "wyId": 19314, "officialName": "Senegal", "area": {"name": "Senegal", "id": 686, "alpha3code": "SEN", "alpha2code": "SN"}, "type": "national"}, {"city": "Roma", "name": "Italy", "wyId": 3757, "officialName": "Italy", "area": {"name": "Italy", "id": 380, "alpha3code": "ITA", "alpha2code": "IT"}, "type": "national"}, {"city": "Lima", "name": "Peru", "wyId": 15594, "officialName": "Peru", "area": {"name": "Peru", "id": 604, "alpha3code": "PER", "alpha2code": "PE"}, "type": "national"}, {"city": "Paris", "name": "France", "wyId": 4418, "officialName": "France", "area": {"name": "France", "id": 250, "alpha3code": "FRA", "alpha2code": "FR"}, "type": "national"}, {"city": "Ar-Riy\u0101\u1e0d (Riyadh)", "name": "Saudi Arabia", "wyId": 16521, "officialName": "Saudi Arabia", "area": {"name": "Saudi Arabia", "id": 682, "alpha3code": "SAU", "alpha2code": "SA"}, "type": "national"}, {"city": "Las Rozas", "name": "Spain", "wyId": 1598, "officialName": "Spain", "area": {"name": "Spain", "id": 724, "alpha3code": "ESP", "alpha2code": "ES"}, "type": "national"}, {"city": "Beograd", "name": "Serbia", "wyId": 17322, "officialName": "Serbia", "area": {"name": "Serbia", "id": 688, "alpha3code": "SRB", "alpha2code": "RS"}, "type": "national"}, {"city": "Bern", "name": "Switzerland", "wyId": 6697, "officialName": "Switzerland", "area": {"name": "Switzerland", "id": 756, "alpha3code": "CHE", "alpha2code": "CH"}, "type": "national"}, {"city": "Warszawa", "name": "Poland", "wyId": 13869, "officialName": "Poland", "area": {"name": "Poland", "id": 616, "alpha3code": "POL", "alpha2code": "PL"}, "type": "national"}, {"city": "Abuja", "name": "Nigeria", "wyId": 16823, "officialName": "Nigeria", "area": {"name": "Nigeria", "id": 566, "alpha3code": "NGA", "alpha2code": "NG"}, "type": "national"}]